{
	"agcgw_all":{
		"CN":"connect-drcn.dbankcloud.cn",
		"CN_back":"connect-drcn.hispace.hicloud.com",
		"DE":"connect-dre.dbankcloud.cn",
		"DE_back":"connect-dre.hispace.hicloud.com",
		"RU":"connect-drru.dbankcloud.cn",
		"RU_back":"connect-drru.hispace.hicloud.com",
		"SG":"connect-dra.dbankcloud.cn",
		"SG_back":"connect-dra.hispace.hicloud.com"
	},
	"client":{
		"cp_id":"2640062000021127674",
		"product_id":"737518067794310105",
		"client_id":"804842443877925888",
		"client_secret":"83E5B7CA3787A91AEB9C0ABC7A95D9A075D9A8648FA497ED11843BFF94DC43E5",
		"project_id":"737518067794310105",
		"app_id":"105355061",
		"api_key":"DAEDANk13TWYEz9FIpPaCk963LQ9teUzNEJkEyeDKd4Sr+x1se3VY4oSdJt60IdOszM0hOweDy4G4rY36JR8DiKkE5VvqTY8A2YlSA==",
		"package_name":"com.latihan.android.scanadshuawei"
	},
	"oauth_client":{
		"client_id":"105355061",
		"client_type":1
	},
	"app_info":{
		"app_id":"105355061",
		"package_name":"com.latihan.android.scanadshuawei"
	},
	"configuration_version":"3.0",
	"appInfos":[
		{
			"package_name":"com.latihan.android.scanadshuawei",
			"client":{
				"app_id":"105355061"
			},
			"app_info":{
				"package_name":"com.latihan.android.scanadshuawei",
				"app_id":"105355061"
			},
			"oauth_client":{
				"client_type":1,
				"client_id":"105355061"
			}
		}
	]
}